name,n_index,subgraph_node1,subgraph_node2
compound_4,370,"[[15, 10, 11], [21, 20]]","[[15, 10, 11, 6, 7], [21, 20, 18, 19]]"
pradefovir,633,"[[18, 15, 20, 21], [19, 16, 20]]","[[18, 15, 20, 21, 14, 19, 22, 26], [19, 16, 20, 14, 18]]"
terbuthylazine,250,"[[7, 6, 8], [11, 10], [12, 10], [14, 10]]","[[7, 6, 8, 5], [11, 10, 9, 12, 14], [12, 10, 9, 11, 14], [14, 10, 9, 11, 12]]"
7-butoxycoumarin,667,"[[4, 3, 5], [6, 5, 7], [7, 6]]","[[4, 3, 5, 2, 6], [6, 5, 7, 4], [7, 6, 5]]"
aprepitant_M1,671,"[[0, 4, 23]]","[[0, 4, 23, 1, 14, 25]]"
ROX_M_5,510,"[[13, 12, 14], [15, 14, 17]]","[[13, 12, 14, 11, 15], [15, 14, 17, 13]]"
naphthalene,621,"[[2, 1, 3], [3, 2, 4], [8, 6, 9], [9, 7, 8]]","[[2, 1, 3, 0, 4], [3, 2, 4, 1, 5], [8, 6, 9, 0, 7], [9, 7, 8, 5, 6]]"
benzphetamine,322,"[[5, 4]]","[[5, 4, 3, 6]]"
MBDB,52,"[[13, 2], [14, 0, 1]]","[[13, 2, 3], [14, 0, 1, 10, 11]]"
NMEA,288,"[[3, 2], [4, 2, 5]]","[[3, 2, 0, 4], [4, 2, 5, 0, 3]]"
tauromustine,246,"[[3, 0, 7], [7, 3], [15, 12], [16, 12]]","[[3, 0, 7, 1, 2], [7, 3, 0], [15, 12, 11, 16], [16, 12, 11, 15]]"
tienilic_acid,396,"[[11, 6, 13], [16, 10, 17], [17, 16, 18]]","[[11, 6, 13, 4, 9], [16, 10, 17, 7, 18], [17, 16, 18, 10, 19]]"
NDMA,61,"[[3, 2], [4, 2]]","[[3, 2, 0, 4], [4, 2, 0, 3]]"
laam,335,"[[19, 12], [20, 12]]","[[19, 12, 5, 20], [20, 12, 5, 19]]"
chloroquine,410,"[[18, 17, 20], [19, 17, 21]]","[[18, 17, 20, 16, 19], [19, 17, 21, 16, 18]]"
lu25_109,172,"[[0, 1, 5, 6], [1, 0, 2], [2, 1, 3], [5, 0, 4], [6, 0], [12, 9, 13]]","[[0, 1, 5, 6, 2, 4], [1, 0, 2, 5, 6, 3], [2, 1, 3, 0, 4], [5, 0, 4, 1, 6, 3, 7], [6, 0, 1, 5], [12, 9, 13, 8, 10]]"
2_6-dichlorobenzonitrilie,274,"[[5, 3, 6], [6, 5, 7], [7, 0, 6]]","[[5, 3, 6, 2, 4, 7], [6, 5, 7, 3, 0], [7, 0, 6, 1, 2, 5]]"
trazodone,658,"[[0, 1, 2], [2, 0, 3], [12, 11, 13], [22, 21, 23]]","[[0, 1, 2, 6, 3], [2, 0, 3, 1, 4, 5], [12, 11, 13, 10, 14, 18], [22, 21, 23, 20, 25, 24]]"
ethylmorphine,514,"[[18, 3], [21, 2, 22]]","[[18, 3, 6, 11], [21, 2, 22, 19]]"
8-MOP,277,"[[14, 13, 15], [15, 5, 14]]","[[14, 13, 15, 4, 5], [15, 5, 14, 4, 6, 13]]"
trans_retinoic_acid,260,"[[0, 1, 2, 3], [2, 0, 14, 16], [14, 2, 19], [16, 2]]","[[0, 1, 2, 3, 4, 14, 16, 15, 17, 18], [2, 0, 14, 16, 1, 3, 19], [14, 2, 19, 0, 16, 15], [16, 2, 0, 14]]"
4_methoxyamphetamine,463,"[[11, 10]]","[[11, 10, 7]]"
maprotiline,175,"[[20, 19]]","[[20, 19, 16]]"
aflatoxin_b1,78,"[[10, 6, 11], [13, 1, 14, 16], [16, 13, 17], [17, 16, 18], [22, 21]]","[[10, 6, 11, 5, 7, 12], [13, 1, 14, 16, 0, 2, 15, 18, 17], [16, 13, 17, 1, 14, 18], [17, 16, 18, 13, 14], [22, 21, 4]]"
amodiaquine,366,"[[17, 16, 18], [19, 16, 20]]","[[17, 16, 18, 15, 19], [19, 16, 20, 15, 17]]"
theophylline,253,"[[4, 3], [8, 7], [11, 10, 12]]","[[4, 3, 1, 5], [8, 7, 5, 9], [11, 10, 12, 9, 0]]"
bunitrolol,473,"[[8, 4, 7]]","[[8, 4, 7, 1, 3]]"
2-methoxyacetophenone,273,"[[10, 9]]","[[10, 9, 8]]"
flunitrazepam,148,"[[8, 7, 9], [20, 10]]","[[8, 7, 9, 6, 10, 19], [20, 10, 9, 12]]"
METOPROLOL,360,"[[9, 7, 16], [12, 11, 13, 14], [18, 17]]","[[9, 7, 16, 4, 5, 17], [12, 11, 13, 14, 10], [18, 17, 16]]"
tamarixetin,242,"[[22, 21]]","[[22, 21, 19]]"
ambroxol,559,"[[8, 0, 9]]","[[8, 0, 9, 1, 5, 10]]"
abbott-66193,72,"[[3, 0, 7], [9, 6, 13], [10, 7, 14], [13, 9, 14], [14, 10, 13]]","[[3, 0, 7, 1, 2, 6, 10], [9, 6, 13, 2, 7, 14], [10, 7, 14, 3, 6, 13], [13, 9, 14, 6, 10], [14, 10, 13, 7, 9]]"
aripiprazole,561,"[[5, 1, 9], [9, 5, 7]]","[[5, 1, 9, 0, 4, 7], [9, 5, 7, 1, 3, 11]]"
cqa_206_291,574,"[[24, 21, 26], [25, 21, 27]]","[[24, 21, 26, 20, 25], [25, 21, 27, 20, 24]]"
7-methoxycoumarin,28,"[[10, 9, 11], [12, 1]]","[[10, 9, 11, 3, 0, 2], [12, 1, 7]]"
trofosfamide,353,"[[1, 0, 4], [2, 0, 5], [11, 7, 14], [12, 7, 15]]","[[1, 0, 4, 2, 3, 9], [2, 0, 5, 1, 3, 10], [11, 7, 14, 3, 12, 16], [12, 7, 15, 3, 11, 13]]"
rebamipide,636,"[[7, 2, 11]]","[[7, 2, 11, 0, 6, 8]]"
dhea,581,"[[3, 0, 8], [15, 7, 13]]","[[3, 0, 8, 1, 2, 9], [15, 7, 13, 2, 6, 18]]"
1_PP,460,"[[3, 2, 4]]","[[3, 2, 4, 1, 5]]"
dibenzo_a_l_pyrene,131,"[[4, 3, 5], [5, 4, 6], [7, 6, 8], [16, 1, 17], [17, 16, 18], [18, 17, 19], [19, 0, 18]]","[[4, 3, 5, 2, 14, 6], [5, 4, 6, 3, 7, 15], [7, 6, 8, 5, 15, 9], [16, 1, 17, 0, 2, 18], [17, 16, 18, 1, 19], [18, 17, 19, 16, 0], [19, 0, 18, 1, 13, 17]]"
amiodarone,85,"[[27, 26, 28], [29, 26, 30]]","[[27, 26, 28, 25, 29], [29, 26, 30, 25, 27]]"
fluoxetine,149,"[[0, 1, 2, 3], [16, 12]]","[[0, 1, 2, 3, 4, 5, 6, 7], [16, 12, 7]]"
clomethiazole,300,"[[6, 2, 7]]","[[6, 2, 7, 1, 3, 8]]"
fluvastatin,413,"[[11, 5, 16], [12, 6, 17, 18], [16, 10, 11]]","[[11, 5, 16, 1, 10], [12, 6, 17, 18, 2, 4], [16, 10, 11, 4, 5]]"
demethyl-sibutramine,326,"[[12, 1]]","[[12, 1, 5]]"
tenoxicam,457,"[[21, 19, 20]]","[[21, 19, 20, 18, 8]]"
limonene,385,"[[6, 2, 8], [9, 8]]","[[6, 2, 8, 0, 7, 9], [9, 8, 6, 7]]"
BFC,34,"[[16, 15, 17]]","[[16, 15, 17, 7, 18, 22]]"
propafenone,223,"[[11, 10, 12], [22, 20, 23]]","[[11, 10, 12, 9, 13], [22, 20, 23, 19, 24]]"
ochratoxin_a,202,"[[5, 2, 9]]","[[5, 2, 9, 1, 4, 13, 14]]"
delta3_carene,126,"[[0, 1, 5, 6], [1, 0, 2], [6, 0]]","[[0, 1, 5, 6, 2, 4], [1, 0, 2, 5, 6, 3], [6, 0, 1, 5]]"
mephenytoin,179,"[[6, 5, 7], [12, 11]]","[[6, 5, 7, 4, 8], [12, 11, 10, 13]]"
sdz_imm_125,648,"[[32, 27], [46, 39], [53, 48, 59, 60]]","[[32, 27, 19], [46, 39, 35, 45], [53, 48, 59, 60, 41]]"
pantoprazole,388,"[[0, 1]]","[[0, 1, 2]]"
aminopyrine,84,"[[11, 10], [12, 10]]","[[11, 10, 9, 12], [12, 10, 9, 11]]"
repaglinide,421,"[[6, 2, 12], [7, 2, 13], [12, 6, 16], [13, 7, 16], [15, 10, 19, 20], [29, 27, 32]]","[[6, 2, 12, 0, 7, 16], [7, 2, 13, 0, 6, 16], [12, 6, 16, 2, 13], [13, 7, 16, 2, 12], [15, 10, 19, 20, 4], [29, 27, 32, 24]]"
sertraline,239,"[[16, 7, 19], [19, 16]]","[[16, 7, 19, 5, 8], [19, 16, 7]]"
losartan,436,"[[23, 22, 24], [25, 24, 26], [28, 19, 29]]","[[23, 22, 24, 18, 21, 25], [25, 24, 26, 23], [28, 19, 29, 18, 20]]"
CLARITHROMYCIN,545,"[[38, 31], [39, 31], [46, 37, 51]]","[[38, 31, 21, 39], [39, 31, 21, 38], [46, 37, 51, 28, 40]]"
ranitidine,231,"[[8, 6], [9, 6]]","[[8, 6, 3, 9], [9, 6, 3, 8]]"
DMXAA,44,"[[19, 11]]","[[19, 11, 8, 13]]"
emetine,479,"[[19, 15], [23, 18], [34, 32]]","[[19, 15, 11], [23, 18, 14], [34, 32, 30]]"
muraglitazar,386,"[[0, 13, 14], [6, 36, 37], [8, 12, 21], [9, 12, 13], [12, 8, 9, 15], [13, 0, 9], [15, 1, 12, 23], [23, 15], [31, 29, 30], [37, 6]]","[[0, 13, 14, 9, 18, 19], [6, 36, 37, 34, 35], [8, 12, 21, 9, 15, 1, 22], [9, 12, 13, 8, 15, 0], [12, 8, 9, 15, 21, 13, 1, 23], [13, 0, 9, 14, 12], [15, 1, 12, 23, 21, 8, 9], [23, 15, 1, 12], [31, 29, 30, 25, 26], [37, 6, 36]]"
alfentanil,555,"[[9, 5, 10], [17, 13, 20, 21]]","[[9, 5, 10, 4, 11, 15], [17, 13, 20, 21, 12, 14, 16, 22, 29, 24, 28]]"
fluphenazine,481,"[[6, 2, 9], [27, 26, 28]]","[[6, 2, 9, 0, 7, 4, 14], [27, 26, 28, 24, 25, 29]]"
MOPPP,362,"[[0, 1]]","[[0, 1, 2]]"
5betacholestane-3_7_12_trihydroxy,317,"[[27, 26, 28, 29]]","[[27, 26, 28, 29, 25]]"
cp_199331,573,"[[24, 19]]","[[24, 19, 15]]"
pilocarpine,309,"[[2, 1, 3, 6]]","[[2, 1, 3, 6, 0, 4, 8, 5, 7]]"
clopidogrel,114,"[[2, 1, 3]]","[[2, 1, 3, 0, 4]]"
citalopram,369,"[[19, 18, 20], [21, 20], [22, 20]]","[[19, 18, 20, 11, 21, 22], [21, 20, 19, 22], [22, 20, 19, 21]]"
2prime_hydroxy_indomethacin_phenethylamide,356,"[[19, 15], [26, 25, 27, 28], [27, 26]]","[[19, 15, 10], [26, 25, 27, 28, 24, 29, 33], [27, 26, 25, 28]]"
TFMPP,71,"[[8, 7, 9], [9, 8, 10]]","[[8, 7, 9, 4, 10], [9, 8, 10, 7, 11, 15]]"
6_methylchrysene,21,"[[10, 4, 16], [12, 11], [13, 6, 17], [15, 9, 18], [17, 13, 14]]","[[10, 4, 16, 1, 9, 18], [12, 11, 5, 6], [13, 6, 17, 2, 11, 14], [15, 9, 18, 4, 8, 16], [17, 13, 14, 6, 7]]"
tazofelone,653,"[[7, 5, 12]]","[[7, 5, 12, 3, 13, 4]]"
valspodar,661,"[[60, 54], [61, 54]]","[[60, 54, 49, 61], [61, 54, 49, 60]]"
diuron,133,"[[9, 3], [10, 3]]","[[9, 3, 6, 10], [10, 3, 6, 9]]"
mexazolam,616,"[[7, 2, 11, 15]]","[[7, 2, 11, 15, 0, 8, 4]]"
promazine,222,"[[9, 4, 6], [18, 17], [19, 17]]","[[9, 4, 6, 1, 10, 2, 12], [18, 17, 14, 19], [19, 17, 14, 18]]"
isoquinoline,605,"[[9, 5, 7]]","[[9, 5, 7, 1, 3]]"
5_MDMT,464,"[[15, 12]]","[[15, 12, 10]]"
MDA,509,"[[11, 10, 12]]","[[11, 10, 12, 4, 7]]"
etoperidone,592,"[[5, 1, 9], [12, 11, 13], [24, 22, 23]]","[[5, 1, 9, 0, 4], [12, 11, 13, 10, 14, 15], [24, 22, 23, 20, 25, 21]]"
o-xylene,531,"[[5, 4], [7, 6]]","[[5, 4, 3, 6], [7, 6, 0, 4]]"
toremifene,259,"[[16, 15, 17], [18, 17], [19, 17]]","[[16, 15, 17, 14, 18, 19], [18, 17, 16, 19], [19, 17, 16, 18]]"
NN_diethylformamide,549,"[[3, 0, 5], [4, 0, 6]]","[[3, 0, 5, 1, 4], [4, 0, 6, 1, 3]]"
2-oxoquazepam,447,"[[7, 2, 14], [12, 6, 10]]","[[7, 2, 14, 0, 6, 18, 19, 20], [12, 6, 10, 2, 13, 4]]"
S_MTPPA,428,"[[9, 8, 10]]","[[9, 8, 10, 7, 6]]"
codeine,474,"[[20, 17], [21, 14]]","[[20, 17, 8, 19], [21, 14, 4]]"
gepirone,485,"[[2, 0, 6], [3, 0, 7], [11, 8, 9], [12, 10, 13], [19, 17, 23], [21, 18, 23]]","[[2, 0, 6, 1, 3, 10], [3, 0, 7, 1, 2, 10], [11, 8, 9, 4, 5], [12, 10, 13, 6, 7, 14], [19, 17, 23, 16, 20, 21, 24, 25], [21, 18, 23, 16, 22, 19, 24, 25]]"
estazolam,590,"[[12, 6, 10]]","[[12, 6, 10, 2, 13, 4]]"
mifepristone,617,"[[0, 1], [2, 1], [31, 30]]","[[0, 1, 2, 3], [2, 1, 0, 3], [31, 30, 28]]"
5_hydroxytryptamine,316,"[[1, 0, 3]]","[[1, 0, 3, 2]]"
onapristone,627,"[[0, 1], [2, 1]]","[[0, 1, 2, 3], [2, 1, 0, 3]]"
furan,528,"[[2, 1, 3], [4, 0, 3]]","[[2, 1, 3, 0, 4], [4, 0, 3, 1, 2]]"
enflurane,526,"[[7, 4, 8, 9]]","[[7, 4, 8, 9, 3, 5, 6]]"
imatinib,601,"[[6, 3]]","[[6, 3, 2, 4]]"
cp_195543,572,"[[16, 6, 25], [30, 28, 29]]","[[16, 6, 25, 5, 15, 26, 27], [30, 28, 29, 26, 27]]"
parathion,211,"[[0, 1, 2, 3, 4], [4, 0]]","[[0, 1, 2, 3, 4, 5, 6, 7], [4, 0, 1, 2, 3]]"
METHOXYPHENAMINE,467,"[[6, 2, 8], [9, 5]]","[[6, 2, 8, 0, 4], [9, 5, 1]]"
cibenzoline,298,"[[16, 10, 17], [17, 11, 16], [18, 12, 13], [19, 14, 15]]","[[16, 10, 17, 5, 11], [17, 11, 16, 5, 10], [18, 12, 13, 6, 7], [19, 14, 15, 8, 9]]"
1_2-dibromoethane,271,"[[0, 1, 3], [1, 0, 2], [2, 1], [3, 0]]","[[0, 1, 3, 2], [1, 0, 2, 3], [2, 1, 0], [3, 0, 1]]"
aceclofenac,429,"[[19, 14, 16]]","[[19, 14, 16, 10, 11]]"
7-benzyloxy-4-trifluoromethylcoumarin,22,"[[4, 3, 5]]","[[4, 3, 5, 2, 6]]"
bisnor,450,"[[7, 2, 9], [9, 4, 7]]","[[7, 2, 9, 0, 6, 4], [9, 4, 7, 1, 6, 2]]"
MDMA,53,"[[10, 9], [12, 11, 13]]","[[10, 9, 6], [12, 11, 13, 4, 7]]"
mequitazine,487,"[[9, 4, 6], [17, 10, 11], [18, 12, 13]]","[[9, 4, 6, 1, 10, 2, 12], [17, 10, 11, 4, 5], [18, 12, 13, 6, 7]]"
diazinon,129,"[[0, 1, 2, 3, 4], [4, 0]]","[[0, 1, 2, 3, 4, 5, 6, 7], [4, 0, 1, 2, 3]]"
finasteride,596,"[[24, 23], [25, 23], [26, 23]]","[[24, 23, 22, 25, 26], [25, 23, 22, 24, 26], [26, 23, 22, 24, 25]]"
cyclohexylline,121,"[[18, 1]]","[[18, 1, 0, 2]]"
2-acetylbenzothiophene,4,"[[4, 0, 3]]","[[4, 0, 3, 1, 9, 2, 8]]"
itraconazole,606,"[[45, 42, 46, 47], [46, 45, 48]]","[[45, 42, 46, 47, 40, 44, 48], [46, 45, 48, 42, 47]]"
desogestrel,374,"[[22, 20, 21]]","[[22, 20, 21, 18, 19]]"
tamoxifen,243,"[[5, 1, 12], [20, 15, 16], [21, 17, 18], [26, 25], [27, 25]]","[[5, 1, 12, 0, 4], [20, 15, 16, 8, 9], [21, 17, 18, 10, 11], [26, 25, 24, 27], [27, 25, 24, 26]]"
diallyl_disulfide,303,"[[3, 2, 4], [4, 3, 5]]","[[3, 2, 4, 1, 5], [4, 3, 5, 2, 6]]"
naproxen,193,"[[14, 11]]","[[14, 11, 8]]"
buprenorphine,408,"[[0, 1, 5], [5, 0, 4], [30, 28, 31]]","[[0, 1, 5, 2, 6, 4], [5, 0, 4, 1, 3, 9], [30, 28, 31, 10, 29, 32, 33]]"
NNAL,670,"[[2, 1, 3], [11, 10, 12]]","[[2, 1, 3, 0, 4], [11, 10, 12, 8, 13, 14]]"
iloperidone,162,"[[26, 23, 29, 30], [28, 27], [29, 26], [30, 26]]","[[26, 23, 29, 30, 22, 24], [28, 27, 25], [29, 26, 23, 30], [30, 26, 23, 29]]"
quinacrine,635,"[[22, 18, 26], [23, 18, 27]]","[[22, 18, 26, 12, 23], [23, 18, 27, 12, 22]]"
5_methylchrysene,18,"[[12, 6, 16], [13, 7, 16], [14, 9, 17], [16, 12, 13], [17, 14, 15], [18, 5]]","[[12, 6, 16, 2, 11, 13], [13, 7, 16, 2, 12], [14, 9, 17, 4, 8, 15], [16, 12, 13, 6, 7], [17, 14, 15, 9, 10], [18, 5, 1, 11]]"
clozapine,116,"[[18, 17, 19, 21], [21, 18]]","[[18, 17, 19, 21, 16, 20], [21, 18, 17, 19]]"
dibenzylfluorescein,375,"[[15, 14, 16], [32, 31, 33]]","[[15, 14, 16, 13, 19, 23], [32, 31, 33, 29, 34, 38]]"
methyleugenol,185,"[[10, 6, 11]]","[[10, 6, 11, 2, 8, 12]]"
sulfinpyrazone,652,"[[1, 0, 7, 28], [18, 17, 19], [23, 22, 24], [28, 1]]","[[1, 0, 7, 28, 2, 6, 8], [18, 17, 19, 16, 20], [23, 22, 24, 21, 25], [28, 1, 0, 7]]"
etoricoxib,593,"[[18, 15]]","[[18, 15, 14, 16]]"
proguanil,392,"[[2, 9, 13], [6, 1, 7, 8]]","[[2, 9, 13, 11, 12, 3, 5], [6, 1, 7, 8, 10]]"
ezlopitant,480,"[[31, 25, 32, 33]]","[[31, 25, 32, 33, 24, 26]]"
MEXILETINE,54,"[[5, 1], [7, 2], [9, 4, 6], [12, 10]]","[[5, 1, 0, 4], [7, 2, 0, 6], [9, 4, 6, 1, 2], [12, 10, 8, 11]]"
SENECIONINE,553,"[[0, 1, 2, 3], [2, 0, 6, 7], [7, 2, 8]]","[[0, 1, 2, 3, 4, 5, 6, 7, 8, 9], [2, 0, 6, 7, 1, 3, 4, 8], [7, 2, 8, 0, 6, 3]]"
granisetron,600,"[[22, 18]]","[[22, 18, 16, 17]]"
mk_0457,417,"[[4, 16, 17, 20], [20, 4]]","[[4, 16, 17, 20, 14, 15], [20, 4, 16, 17]]"
erythromycin,589,"[[47, 46], [48, 46]]","[[47, 46, 42, 48], [48, 46, 42, 47]]"
9_anthraldehyde,279,"[[14, 4, 15], [15, 14]]","[[14, 4, 15, 1, 8], [15, 14, 4]]"
R_95913,319,"[[20, 3, 21]]","[[20, 3, 21, 2, 4, 19, 22]]"
abt_761,74,"[[6, 0, 7]]","[[6, 0, 7, 1, 5, 8, 11]]"
DMBA,43,"[[2, 1, 3], [3, 2, 4], [7, 6, 8], [8, 7, 9], [14, 1, 15], [15, 14, 16], [16, 15, 17], [18, 12], [19, 5]]","[[2, 1, 3, 0, 14, 4], [3, 2, 4, 1, 5, 13], [7, 6, 8, 5, 11, 9], [8, 7, 9, 6, 10], [14, 1, 15, 0, 2, 16], [15, 14, 16, 1, 17], [16, 15, 17, 14, 0], [18, 12, 11, 13], [19, 5, 4, 6]]"
2_2_4_4_5_5-hexachlorobiphenyl,313,"[[3, 2, 4], [13, 12, 14]]","[[3, 2, 4, 1, 8, 5, 7], [13, 12, 14, 11, 16, 9, 15]]"
halofantrine,414,"[[18, 17, 19], [22, 17, 23]]","[[18, 17, 19, 16, 22, 20], [22, 17, 23, 16, 18, 24]]"
haloperidol,378,"[[0, 1, 5], [2, 1, 3, 7, 8], [4, 3, 5], [6, 5, 15]]","[[0, 1, 5, 2, 4, 6], [2, 1, 3, 7, 8, 0, 4, 9, 13], [4, 3, 5, 2, 0, 6], [6, 5, 15, 0, 4, 16]]"
fenproporex,147,"[[10, 7, 11]]","[[10, 7, 11, 4, 12]]"
lansoprazole,383,"[[4, 3, 5], [5, 4, 6], [9, 8, 10, 11], [10, 9]]","[[4, 3, 5, 2, 6], [5, 4, 6, 3, 0], [9, 8, 10, 11, 1, 7, 12], [10, 9, 8, 11]]"
uk_343664,660,"[[30, 17, 36]]","[[30, 17, 36, 26, 27]]"
etodolac,431,"[[16, 14, 17], [17, 9, 16]]","[[16, 14, 17, 5, 9], [17, 9, 16, 4, 18, 14]]"
2-naphthylamine,5,"[[0, 2]]","[[0, 2, 1, 3]]"
pinoline,493,"[[14, 12]]","[[14, 12, 8]]"
N_ac_FFVC,551,"[[5, 4, 9]]","[[5, 4, 9, 1, 10, 11]]"
NDBA,286,"[[3, 2, 5], [4, 2, 6]]","[[3, 2, 5, 0, 4, 7], [4, 2, 6, 0, 3, 9]]"
bupivacaine,367,"[[3, 2, 4]]","[[3, 2, 4, 1, 5, 9]]"
zolpidem,269,"[[18, 12], [19, 13], [20, 13], [22, 21]]","[[18, 12, 7, 17], [19, 13, 8, 20], [20, 13, 8, 19], [22, 21, 15, 16]]"
RHP+,70,"[[9, 8, 10, 11]]","[[9, 8, 10, 11, 7, 12, 16]]"
efavirenz,137,"[[17, 14, 20]]","[[17, 14, 20, 6, 12, 19]]"
decursinol_angelate,302,"[[19, 18, 20, 22], [20, 19, 21]]","[[19, 18, 20, 22, 13, 23, 21], [20, 19, 21, 18, 22]]"
disopyramide,583,"[[1, 0, 2, 3], [22, 3, 23, 24]]","[[1, 0, 2, 3, 4, 22], [22, 3, 23, 24, 1, 4]]"
N_nitrosodiamylamine,66,"[[3, 0, 5], [4, 0, 6], [5, 3, 7], [6, 4, 8], [7, 5, 9], [8, 6, 10], [9, 7, 11], [10, 8, 12], [11, 9], [12, 10]]","[[3, 0, 5, 1, 4, 7], [4, 0, 6, 1, 3, 8], [5, 3, 7, 0, 9], [6, 4, 8, 0, 10], [7, 5, 9, 3, 11], [8, 6, 10, 4, 12], [9, 7, 11, 5], [10, 8, 12, 6], [11, 9, 7], [12, 10, 8]]"
amitriptyline,86,"[[9, 4, 12], [12, 6, 9], [19, 18], [20, 18]]","[[9, 4, 12, 1, 10, 6], [12, 6, 9, 2, 13, 4], [19, 18, 15, 20], [20, 18, 15, 19]]"
ketamine,334,"[[15, 14]]","[[15, 14, 7]]"
13_cis_retinoic_acid,0,"[[6, 4, 7]]","[[6, 4, 7, 3, 5, 11]]"
alachlor,321,"[[17, 12]]","[[17, 12, 5]]"
gefitinib,484,"[[15, 9, 17, 20], [25, 12, 27], [26, 12, 28], [30, 22]]","[[15, 9, 17, 20, 11, 18, 19], [25, 12, 27, 23, 26, 16], [26, 12, 28, 23, 25, 16], [30, 22, 8]]"
E3179,449,"[[23, 22, 24], [28, 19, 29]]","[[23, 22, 24, 18, 21, 25], [28, 19, 29, 18, 20]]"
methoxychlor_mono_OH,184,"[[13, 6, 16], [14, 7, 16], [19, 17]]","[[13, 6, 16, 2, 14, 18], [14, 7, 16, 2, 13, 18], [19, 17, 15]]"
9_cis_retinal,32,"[[20, 0, 19]]","[[20, 0, 19, 17]]"
phorate,218,"[[8, 5, 11]]","[[8, 5, 11, 1, 12]]"
chlorproguanil,368,"[[1, 0, 2, 3], [9, 7, 10]]","[[1, 0, 2, 3, 4], [9, 7, 10, 6, 8, 11, 15]]"
reduced_haloperidol,638,"[[0, 1, 2, 3, 4], [7, 3, 11], [8, 4, 11], [13, 11, 15], [17, 16, 18, 19]]","[[0, 1, 2, 3, 4, 5, 6, 7, 8], [7, 3, 11, 0, 8, 13], [8, 4, 11, 0, 7, 13], [13, 11, 15, 7, 8, 16], [17, 16, 18, 19, 15, 20, 21]]"
dy_9760e,136,"[[9, 6, 10], [12, 11, 13], [14, 10, 13], [26, 25, 27], [33, 32], [34, 31]]","[[9, 6, 10, 0, 8, 11, 14], [12, 11, 13, 10, 14], [14, 10, 13, 9, 11, 12], [26, 25, 27, 24, 29, 28], [33, 32, 2], [34, 31, 3]]"
py74,634,"[[4, 3, 5]]","[[4, 3, 5, 2, 0]]"
risperidone,496,"[[3, 0, 8], [16, 14, 17], [27, 25, 29], [28, 26, 29]]","[[3, 0, 8, 1, 2, 4], [16, 14, 17, 11, 12, 18], [27, 25, 29, 21, 23, 28], [28, 26, 29, 21, 27]]"
saquinavir,647,"[[11, 6, 16]]","[[11, 6, 16, 2, 8, 19]]"
ticlopidine,256,"[[3, 2, 4]]","[[3, 2, 4, 1, 0, 5]]"
tramadol,352,"[[7, 6], [17, 16], [18, 16]]","[[7, 6, 2], [17, 16, 15, 18], [18, 16, 15, 17]]"
reduced_diclofenac,232,"[[12, 11, 13]]","[[12, 11, 13, 10, 14]]"
nelfinavir,387,"[[4, 33], [23, 21], [24, 21], [25, 21], [38, 33, 35]]","[[4, 33, 29, 38], [23, 21, 6, 24, 25], [24, 21, 6, 23, 25], [25, 21, 6, 23, 24], [38, 33, 35, 4, 29, 30]]"
acenocoumarol,75,"[[22, 19, 23], [23, 22, 24], [24, 23, 25], [25, 17, 24]]","[[22, 19, 23, 17, 20, 24], [23, 22, 24, 19, 25], [24, 23, 25, 22, 17], [25, 17, 24, 16, 19, 23]]"
dehydropranidipine,125,"[[21, 14, 25]]","[[21, 14, 25, 7, 26]]"
ivermectin,607,"[[16, 11], [41, 38, 59, 60], [58, 55]]","[[16, 11, 6, 7], [41, 38, 59, 60, 31, 32], [58, 55, 52]]"
dibenzo_a_h_anthracene,130,"[[2, 1, 3], [3, 2, 4], [9, 8, 10], [10, 9, 11], [14, 1, 15], [15, 14, 16], [16, 15, 17], [17, 0, 16], [18, 8, 19], [19, 18, 20], [20, 19, 21], [21, 7, 20]]","[[2, 1, 3, 0, 14, 4], [3, 2, 4, 1, 5, 13], [9, 8, 10, 7, 18, 11], [10, 9, 11, 8, 6, 12], [14, 1, 15, 0, 2, 16], [15, 14, 16, 1, 17], [16, 15, 17, 14, 0], [17, 0, 16, 1, 13, 15], [18, 8, 19, 7, 9, 20], [19, 18, 20, 8, 21], [20, 19, 21, 18, 7], [21, 7, 20, 6, 8, 19]]"
guanabenz,157,"[[2, 1], [3, 1]]","[[2, 1, 0, 3], [3, 1, 0, 2]]"
MeIQx,57,"[[15, 10]]","[[15, 10, 11, 12]]"
midazolam,342,"[[11, 9], [14, 13, 15]]","[[11, 9, 8, 10], [14, 13, 15, 8, 12, 7]]"
9_cis_retinoic_acid,280,"[[14, 2, 19]]","[[14, 2, 19, 0, 16, 15]]"
N7-methylfurafylline,59,"[[11, 1], [16, 15, 17], [17, 16, 18], [18, 14, 17]]","[[11, 1, 0, 2], [16, 15, 17, 13, 14, 18], [17, 16, 18, 15, 14], [18, 14, 17, 15, 16]]"
benzo_a_pyrene-7_8-diol,94,"[[18, 17, 19], [19, 0, 18]]","[[18, 17, 19, 16, 21, 0], [19, 0, 18, 1, 13, 17]]"
cyamemazine,119,"[[5, 4, 6], [6, 5, 7], [7, 6, 8], [8, 7, 9], [10, 9, 11], [21, 20], [22, 20]]","[[5, 4, 6, 3, 9, 7], [6, 5, 7, 4, 8], [7, 6, 8, 5, 9], [8, 7, 9, 6, 4, 10], [10, 9, 11, 4, 8, 12, 16], [21, 20, 19, 22], [22, 20, 19, 21]]"
BDB,357,"[[13, 0, 1]]","[[13, 0, 1, 10, 11]]"
melatonin,177,"[[9, 5, 8], [13, 11]]","[[9, 5, 8, 1, 3, 11], [13, 11, 8]]"
diclofenac,330,"[[2, 1, 3], [3, 2, 4], [4, 3, 5], [12, 11, 13]]","[[2, 1, 3, 0, 6, 4], [3, 2, 4, 1, 5], [4, 3, 5, 2, 0, 7], [12, 11, 13, 10, 14]]"
hydrocodone,486,"[[20, 15], [21, 19]]","[[20, 15, 7, 11], [21, 19, 12]]"
AMMC,33,"[[4, 3]]","[[4, 3, 2]]"
estradiol,140,"[[7, 2, 9], [8, 3, 10], [10, 6, 8], [13, 5, 15, 16], [14, 11, 15], [17, 15, 19], [18, 16, 19]]","[[7, 2, 9, 3, 6, 12, 5], [8, 3, 10, 2, 4, 6], [10, 6, 8, 0, 2, 3], [13, 5, 15, 16, 4, 9, 14, 17, 18], [14, 11, 15, 4, 13, 17], [17, 15, 19, 13, 14, 1, 18], [18, 16, 19, 13, 1, 17]]"
piroxicam,439,"[[22, 20, 21]]","[[22, 20, 21, 18, 19]]"
docetaxel,584,"[[55, 54], [56, 54], [57, 54]]","[[55, 54, 51, 56, 57], [56, 54, 51, 55, 57], [57, 54, 51, 55, 56]]"
oxycodone,207,"[[21, 16], [22, 20]]","[[21, 16, 7, 12], [22, 20, 13]]"
biochanin_A,95,"[[20, 19]]","[[20, 19, 16]]"
nicardipine,195,"[[0, 1, 2, 3], [12, 6, 8], [27, 26, 29]]","[[0, 1, 2, 3, 4, 5, 6, 7, 8, 9], [12, 6, 8, 2, 13, 3, 16], [27, 26, 29, 25, 28, 30, 31]]"
MDPPP,359,"[[17, 15, 16]]","[[17, 15, 16, 4, 3]]"
quetiapine,677,"[[6, 4, 7]]","[[6, 4, 7, 3, 5, 8, 12]]"
zonisamide,403,"[[1, 0, 4, 5]]","[[1, 0, 4, 5, 2, 3, 6, 9]]"
indole,307,"[[1, 0, 2], [6, 4, 7], [7, 6, 8]]","[[1, 0, 2, 5, 3], [6, 4, 7, 3, 5, 8], [7, 6, 8, 4, 3]]"
11_oxo_delta8_tetrahydrocannabinol,354,"[[16, 8, 23]]","[[16, 8, 23, 3, 15]]"
loratadine,171,"[[23, 22, 24]]","[[23, 22, 24, 21]]"
aprepitant,88,"[[3, 8, 12, 18], [19, 12, 13, 36], [30, 1, 32], [32, 18, 30]]","[[3, 8, 12, 18, 1, 20, 19, 32], [19, 12, 13, 36, 3, 16, 17], [30, 1, 32, 8, 14, 18], [32, 18, 30, 3, 1]]"
rifabutin,640,"[[46, 40], [47, 41, 50, 51], [51, 47], [60, 55]]","[[46, 40, 36], [47, 41, 50, 51, 37, 55, 56], [51, 47, 41, 50], [60, 55, 50, 52]]"
sulfadiazine,348,"[[13, 10]]","[[13, 10, 7, 8]]"
perazine,213,"[[9, 4, 6], [23, 22]]","[[9, 4, 6, 1, 10, 2, 12], [23, 22, 20, 21]]"
nitrendipine,624,"[[6, 5, 7, 11], [9, 8, 10]]","[[6, 5, 7, 11, 0, 4, 8, 14, 10, 17], [9, 8, 10, 7, 12, 11, 13]]"
zafirlukast,663,"[[10, 2, 12], [28, 3]]","[[10, 2, 12, 4, 5, 15, 25], [28, 3, 5, 6]]"
meloxicam,438,"[[21, 20]]","[[21, 20, 18, 19]]"
tirilazad,678,"[[22, 16, 23], [38, 5, 42], [39, 5, 43], [42, 38, 43], [43, 39, 42]]","[[22, 16, 23, 11, 18, 27], [38, 5, 42, 36, 39, 43], [39, 5, 43, 36, 38, 42], [42, 38, 43, 5, 39], [43, 39, 42, 5, 38]]"
trimipramine,399,"[[17, 10, 11], [18, 13, 14], [20, 19], [21, 19]]","[[17, 10, 11, 4, 5], [18, 13, 14, 6, 7], [20, 19, 15, 21], [21, 19, 15, 20]]"
MK_0767,548,"[[23, 22, 24, 27], [24, 23, 25]]","[[23, 22, 24, 27, 17, 25, 26, 28], [24, 23, 25, 22, 27, 26, 29]]"
debrisoquine,476,"[[2, 0, 6], [3, 0, 7], [4, 1, 8], [5, 1, 9], [7, 3, 9], [8, 4, 6], [9, 5, 7]]","[[2, 0, 6, 1, 3, 8, 10], [3, 0, 7, 1, 2, 9], [4, 1, 8, 0, 5, 6], [5, 1, 9, 0, 4, 7], [7, 3, 9, 0, 5], [8, 4, 6, 1, 2, 10], [9, 5, 7, 1, 3]]"
prostaglandin_H2,226,"[[7, 0, 5, 9], [8, 1, 6, 9]]","[[7, 0, 5, 9, 1, 6, 10, 8], [8, 1, 6, 9, 0, 5, 11, 7]]"
3_methoxyamphetamine,462,"[[7, 4, 5], [11, 10]]","[[7, 4, 5, 1, 10, 2], [11, 10, 4]]"
sirolimus,651,"[[16, 12, 21, 22], [21, 16, 27], [43, 37], [50, 45], [57, 54, 61, 62], [61, 57, 63], [62, 57]]","[[16, 12, 21, 22, 6, 15, 17, 27], [21, 16, 27, 12, 22, 20], [43, 37, 31], [50, 45, 38], [57, 54, 61, 62, 51, 58, 63], [61, 57, 63, 54, 62, 60, 64], [62, 57, 54, 61]]"
delavirdine,477,"[[26, 25, 27], [29, 28, 30, 31]]","[[26, 25, 27, 24, 22], [29, 28, 30, 31, 23]]"
psoralen,310,"[[12, 11, 13], [13, 3, 12]]","[[12, 11, 13, 2, 3], [13, 3, 12, 2, 4, 11]]"
tentoxin,655,"[[28, 0]]","[[28, 0, 1, 26]]"
sparteine,497,"[[11, 6, 7, 14], [12, 7, 15], [14, 11, 16]]","[[11, 6, 7, 14, 2, 8, 3, 12, 16], [12, 7, 15, 3, 11, 16], [14, 11, 16, 6, 7, 15]]"
m-xylene,173,"[[0, 1, 6], [2, 1, 3], [4, 3], [7, 6]]","[[0, 1, 6, 2, 5, 7], [2, 1, 3, 0, 4, 5], [4, 3, 2, 5], [7, 6, 0, 5]]"
safrole,311,"[[0, 1, 2]]","[[0, 1, 2, 3, 4, 5]]"
CP_677_623,40,"[[5, 4]]","[[5, 4, 3]]"
atrazine,91,"[[7, 6, 8], [10, 9, 11, 12]]","[[7, 6, 8, 5], [10, 9, 11, 12, 1]]"
artelinic_acid,562,"[[20, 18, 21]]","[[20, 18, 21, 12, 22, 23]]"
phenprocoumon,389,"[[18, 14, 20], [19, 15, 16], [20, 17, 18]]","[[18, 14, 20, 6, 17], [19, 15, 16, 10, 11], [20, 17, 18, 13, 14]]"
CP_125_611,39,"[[7, 3, 8, 11], [16, 15]]","[[7, 3, 8, 11, 2, 14, 9, 12], [16, 15, 10, 17]]"
serm_I,649,"[[9, 4, 8], [28, 27, 29], [32, 27, 31]]","[[9, 4, 8, 3, 5, 7, 12], [28, 27, 29, 26, 32, 30], [32, 27, 31, 26, 28, 30]]"
nabumetone,192,"[[15, 14]]","[[15, 14, 12, 16]]"
reduced_dolasetron,495,"[[0, 1, 5], [4, 3, 5], [5, 0, 4], [15, 14, 16, 18]]","[[0, 1, 5, 2, 4], [4, 3, 5, 2, 8, 0], [5, 0, 4, 1, 3], [15, 14, 16, 18, 13, 22, 17, 23, 19]]"
acrylonitrile,521,"[[0, 1], [1, 0, 2]]","[[0, 1, 2], [1, 0, 2, 3]]"
chlorpromazine_compound_1,451,"[[4, 16, 17], [11, 10, 12, 13]]","[[4, 16, 17, 14, 20, 15, 21], [11, 10, 12, 13, 9]]"
MOCA,284,"[[7, 6], [13, 12]]","[[7, 6, 4, 8], [13, 12, 11, 14]]"
dextromethorphan,328,"[[17, 14], [19, 18]]","[[17, 14, 12, 16], [19, 18, 0]]"
7MBAC,31,"[[0, 1, 13], [1, 0, 2], [9, 8, 10], [10, 9, 11], [16, 15, 17], [17, 2, 16], [18, 12]]","[[0, 1, 13, 2, 4, 12], [1, 0, 2, 13, 3, 17], [9, 8, 10, 7, 11], [10, 9, 11, 8, 6, 12], [16, 15, 17, 14, 2], [17, 2, 16, 1, 3, 15], [18, 12, 11, 13]]"
ipriflavone,164,"[[0, 1], [1, 0, 2, 3], [2, 1], [18, 17, 19]]","[[0, 1, 2, 3], [1, 0, 2, 3, 4], [2, 1, 0, 3], [18, 17, 19, 16, 20]]"
spirosulfonamide,498,"[[25, 24, 26]]","[[25, 24, 26, 14, 23]]"
metolachlor,341,"[[18, 17]]","[[18, 17, 13]]"
pregnenolone,391,"[[11, 8, 10], [22, 20]]","[[11, 8, 10, 2, 20, 3], [22, 20, 1, 8]]"
astemizole,470,"[[10, 5, 14], [24, 22, 25], [33, 32]]","[[10, 5, 14, 1, 9], [24, 22, 25, 19, 20, 26], [33, 32, 31]]"
caffeine,100,"[[5, 7, 10], [10, 3, 5], [11, 2], [12, 3], [13, 4]]","[[5, 7, 10, 2, 6, 3], [10, 3, 5, 6, 12, 7], [11, 2, 7, 9], [12, 3, 6, 10], [13, 4, 8, 9]]"
galantamine,482,"[[20, 17]]","[[20, 17, 11]]"
benzene,523,"[[0, 1, 5], [1, 0, 2], [2, 1, 3], [3, 2, 4], [4, 3, 5], [5, 0, 4]]","[[0, 1, 5, 2, 4], [1, 0, 2, 5, 3], [2, 1, 3, 0, 4], [3, 2, 4, 1, 5], [4, 3, 5, 2, 0], [5, 0, 4, 1, 3]]"
ifosfamide,306,"[[5, 1, 12], [6, 4, 13], [7, 1, 10]]","[[5, 1, 12, 0, 7, 8], [6, 4, 13, 0, 9], [7, 1, 10, 0, 5, 11]]"
fk_506,597,"[[10, 5]]","[[10, 5, 1]]"
linoleic_acid,169,"[[3, 1, 5], [5, 3, 7], [7, 5, 9], [9, 7, 11], [11, 9, 13], [18, 17, 19], [19, 18]]","[[3, 1, 5, 0, 7], [5, 3, 7, 1, 9], [7, 5, 9, 3, 11], [9, 7, 11, 5, 13], [11, 9, 13, 7, 16], [18, 17, 19, 16], [19, 18, 17]]"
2n_propylquinoline,275,"[[2, 1, 3], [3, 2, 4], [4, 3, 5], [5, 0, 4], [6, 0, 8], [8, 6, 9], [10, 9, 11], [12, 11]]","[[2, 1, 3, 0, 7, 4], [3, 2, 4, 1, 5], [4, 3, 5, 2, 0], [5, 0, 4, 1, 6, 3], [6, 0, 8, 1, 5, 9], [8, 6, 9, 0, 7, 10], [10, 9, 11, 7, 8, 12], [12, 11, 10]]"
adinazolam,365,"[[22, 24], [23, 24]]","[[22, 24, 11, 23], [23, 24, 11, 22]]"
TAXOL,407,"[[13, 4, 10], [56, 52, 53]]","[[13, 4, 10, 1, 12, 3, 21], [56, 52, 53, 49, 50]]"
beta_arteether,323,"[[1, 0, 2]]","[[1, 0, 2, 3]]"
MTBE,285,"[[5, 4]]","[[5, 4, 1]]"
ebastine,586,"[[20, 17, 21]]","[[20, 17, 21, 16, 18, 22]]"
CORTISOL,546,"[[12, 5, 15]]","[[12, 5, 15, 1, 10, 21]]"
butadiene_monoxide,297,"[[0, 1, 2], [1, 0]]","[[0, 1, 2, 3, 4], [1, 0, 2]]"
V11294,364,"[[20, 19, 21], [21, 20, 22], [24, 23, 25, 26], [28, 27, 29]]","[[20, 19, 21, 18, 22], [21, 20, 22, 19, 18], [24, 23, 25, 26, 6, 7], [28, 27, 29, 3]]"
r_568,494,"[[11, 9]]","[[11, 9, 4]]"
tegafur,247,"[[6, 1, 4, 7]]","[[6, 1, 4, 7, 9, 10, 11, 8]]"
tangeretin,244,"[[18, 13], [19, 14], [26, 25]]","[[18, 13, 8], [19, 14, 9], [26, 25, 24]]"
methoxychlor_bis_OH,340,"[[11, 4, 15], [12, 5, 15], [13, 6, 16], [14, 7, 16]]","[[11, 4, 15, 1, 12, 17], [12, 5, 15, 1, 11, 17], [13, 6, 16, 2, 14, 18], [14, 7, 16, 2, 13, 18]]"
etoposide,144,"[[28, 22], [29, 23]]","[[28, 22, 16], [29, 23, 17]]"
tolperisone,257,"[[12, 10]]","[[12, 10, 6, 7]]"
ethinylestradiol,143,"[[2, 1, 3], [20, 1, 19]]","[[2, 1, 3, 0, 20, 4, 18], [20, 1, 19, 0, 2, 18]]"
L_775606,406,"[[21, 20, 22], [22, 21, 23]]","[[21, 20, 22, 19, 30, 23], [22, 21, 23, 20, 24, 29]]"
ortho_dichlorobenzene,205,"[[0, 1, 5], [1, 0, 2], [2, 1, 3], [5, 0, 4]]","[[0, 1, 5, 2, 4], [1, 0, 2, 5, 3], [2, 1, 3, 0, 4, 6], [5, 0, 4, 1, 3, 7]]"
o-phenylphenol,201,"[[8, 4, 11]]","[[8, 4, 11, 1, 7]]"
pimobendan,219,"[[7, 6]]","[[7, 6, 5]]"
chlorpropamide,107,"[[2, 0, 7], [3, 0, 8]]","[[2, 0, 7, 1, 3, 10], [3, 0, 8, 1, 2, 10]]"
butachlor,325,"[[17, 12, 18]]","[[17, 12, 18, 5, 19]]"
eupatilin,146,"[[5, 4, 6], [6, 5]]","[[5, 4, 6, 1, 7], [6, 5, 4]]"
triamterene,261,"[[0, 1, 5]]","[[0, 1, 5, 2, 4]]"
tetranor,458,"[[7, 2, 9], [9, 4, 7]]","[[7, 2, 9, 0, 6, 4], [9, 4, 7, 1, 6, 2]]"
N_desacetyl_indiplon,65,"[[20, 19]]","[[20, 19, 18]]"
stearic_acid,537,"[[1, 0, 2]]","[[1, 0, 2, 3]]"
MOP-13031,361,"[[0, 1, 2, 3], [12, 6, 8]]","[[0, 1, 2, 3, 4, 5, 6, 7, 8, 9], [12, 6, 8, 2, 13, 3, 16]]"
PMAMC,68,"[[13, 12, 14], [17, 16]]","[[13, 12, 14, 11, 15], [17, 16, 7]]"
licofelone_M1,416,"[[12, 6], [13, 6]]","[[12, 6, 7, 8, 13], [13, 6, 7, 8, 12]]"
indinavir,603,"[[6, 2, 4], [25, 22, 23], [34, 31, 36], [43, 41, 44]]","[[6, 2, 4, 0, 7, 1, 9], [25, 22, 23, 18, 19], [34, 31, 36, 28, 30, 40, 41], [43, 41, 44, 36, 42]]"
chenodeoxycholic_acid,673,"[[16, 11, 19], [26, 22, 23, 27]]","[[16, 11, 19, 5, 12, 15, 22], [26, 22, 23, 27, 19, 20]]"
18_methoxycoronaridine,355,"[[22, 21]]","[[22, 21, 20]]"
carvedilol,104,"[[10, 4, 14], [27, 24, 28], [28, 25, 27], [29, 26]]","[[10, 4, 14, 1, 6, 11], [27, 24, 28, 22, 25], [28, 25, 27, 23, 24], [29, 26, 23]]"
GTS-21,47,"[[21, 0], [22, 1]]","[[21, 0, 12], [22, 1, 18]]"
coumarin,117,"[[2, 1, 3], [6, 5, 7], [7, 6, 8]]","[[2, 1, 3, 0, 4], [6, 5, 7, 0, 4, 8], [7, 6, 8, 5, 9, 10]]"
ethosuximide,527,"[[1, 0, 2]]","[[1, 0, 2, 3, 7, 9]]"
compound_A,475,"[[1, 0, 2], [3, 2, 4], [31, 30]]","[[1, 0, 2, 5, 6, 3], [3, 2, 4, 1, 5], [31, 30, 23]]"
mianserin,187,"[[1, 0, 2], [17, 16, 18, 19], [19, 17]]","[[1, 0, 2, 3, 5], [17, 16, 18, 19, 15, 14], [19, 17, 16, 18]]"
gbr_12909,483,"[[23, 1, 26], [27, 25, 26], [32, 30, 31]]","[[23, 1, 26, 10, 11, 27], [27, 25, 26, 28, 29, 23], [32, 30, 31, 28, 29]]"
warfarin-s,402,"[[6, 4, 11], [20, 16, 17], [21, 15, 22], [22, 19, 21]]","[[6, 4, 11, 5, 7, 3, 18], [20, 16, 17, 12, 13], [21, 15, 22, 10, 19], [22, 19, 21, 14, 15]]"
salmeterol,646,"[[23, 22, 24]]","[[23, 22, 24, 21, 25, 26]]"
carbofuran,103,"[[4, 1, 8]]","[[4, 1, 8, 0, 5, 3, 11, 12]]"
suprofen,456,"[[2, 1, 3]]","[[2, 1, 3, 0, 4]]"
tyramine,504,"[[4, 1, 7], [5, 2, 7]]","[[4, 1, 7, 0, 5, 9], [5, 2, 7, 0, 4, 9]]"
5-OH-diclofenac,448,"[[3, 2, 4]]","[[3, 2, 4, 1, 5]]"
estrone,141,"[[10, 6, 8], [13, 5, 15, 16], [14, 11, 15], [17, 15, 19], [18, 16, 19]]","[[10, 6, 8, 0, 2, 3], [13, 5, 15, 16, 4, 9, 14, 17, 18], [14, 11, 15, 4, 13, 17], [17, 15, 19, 13, 14, 1, 18], [18, 16, 19, 13, 1, 17]]"
verapamil,264,"[[12, 23], [24, 23, 25], [30, 6], [31, 7]]","[[12, 23, 22, 24], [24, 23, 25, 12, 22, 26], [30, 6, 2], [31, 7, 1]]"
1_nitropyrene,2,"[[6, 2, 12], [7, 2, 14], [12, 5, 6], [13, 5, 15], [16, 9, 17, 18]]","[[6, 2, 12, 0, 7, 5], [7, 2, 14, 0, 6, 9], [12, 5, 6, 1, 13, 2], [13, 5, 15, 1, 12, 11], [16, 9, 17, 18, 3, 14]]"
atomoxetine,90,"[[11, 10, 12], [14, 13], [18, 17]]","[[11, 10, 12, 9, 13], [14, 13, 8, 12], [18, 17, 16]]"
ROX_M-4,292,"[[15, 14, 16]]","[[15, 14, 16, 13]]"
domperidone,134,"[[17, 15, 18], [29, 27, 28]]","[[17, 15, 18, 12, 13, 19], [29, 27, 28, 23, 24]]"
nordexfenfluramine,197,"[[3, 0]]","[[3, 0, 1, 2, 12]]"
cinnarizine,111,"[[3, 2, 4], [7, 6, 8], [13, 12, 14, 15], [20, 19, 21], [25, 24, 26]]","[[3, 2, 4, 1, 10, 17], [7, 6, 8, 5, 9], [13, 12, 14, 15, 11, 16, 18, 22, 23, 27], [20, 19, 21, 18, 22], [25, 24, 26, 23, 27]]"
antipyrine,87,"[[6, 3, 5], [7, 2], [8, 3]]","[[6, 3, 5, 2, 8, 0, 1], [7, 2, 1, 3], [8, 3, 2, 6]]"
eplerenone,588,"[[13, 6, 8], [27, 23, 28]]","[[13, 6, 8, 1, 14, 3, 15], [27, 23, 28, 17, 24, 29]]"
pentachlorobenzene,630,"[[7, 3, 9]]","[[7, 3, 9, 1, 6, 5, 10]]"
flosequinan,598,"[[12, 6, 14, 15], [15, 12]]","[[12, 6, 14, 15, 2, 9], [15, 12, 6, 14]]"
furametpyr,155,"[[5, 4]]","[[5, 4, 0, 3]]"
ps_15,227,"[[6, 4, 23], [13, 5, 15, 16]]","[[6, 4, 23, 12, 7, 9], [13, 5, 15, 16, 22]]"
bupropion,324,"[[11, 10], [12, 10], [13, 10]]","[[11, 10, 9, 12, 13], [12, 10, 9, 11, 13], [13, 10, 9, 11, 12]]"
compound_1,571,"[[0, 1, 5], [8, 6, 9]]","[[0, 1, 5, 2, 4], [8, 6, 9, 4, 7, 10]]"
alpha_thujone,557,"[[0, 1, 5, 6], [8, 3, 9, 10], [9, 8], [10, 8]]","[[0, 1, 5, 6, 2, 3, 4, 7], [8, 3, 9, 10, 1, 2, 4], [9, 8, 3, 10], [10, 8, 3, 9]]"
4_hpph,542,"[[1, 0, 2], [3, 2, 4]]","[[1, 0, 2, 5, 3, 19], [3, 2, 4, 1, 19, 5]]"
phenacetin,215,"[[9, 0, 10], [12, 11]]","[[9, 0, 10, 4], [12, 11, 1, 2]]"
minaprine,490,"[[12, 8, 9]]","[[12, 8, 9, 4, 5]]"
yohimbine,505,"[[16, 12, 17], [17, 13, 16]]","[[16, 12, 17, 6, 13], [17, 13, 16, 8, 12]]"
ondansetron,204,"[[10, 4, 15], [15, 10, 11]]","[[10, 4, 15, 1, 6, 11], [15, 10, 11, 4, 5]]"
dextropropoxyphene,580,"[[21, 15], [22, 15]]","[[21, 15, 8, 22], [22, 15, 8, 21]]"
MMDL,468,"[[21, 18]]","[[21, 18, 12, 17]]"
vicriviroc,459,"[[1, 0, 2, 5], [2, 1, 3], [4, 3], [16, 15], [33, 31, 34], [34, 33, 35], [35, 34, 36]]","[[1, 0, 2, 5, 15, 22, 3, 6, 10], [2, 1, 3, 0, 5, 4], [4, 3, 2], [16, 15, 0, 17], [33, 31, 34, 29, 32, 35], [34, 33, 35, 31, 36], [35, 34, 36, 33, 29, 37]]"
troglitazone,262,"[[15, 10], [24, 23, 25, 26], [26, 24, 29]]","[[15, 10, 5, 7], [24, 23, 25, 26, 22, 27, 28, 29], [26, 24, 29, 23, 25, 27, 30]]"
methamphetamine,489,"[[7, 3], [10, 8, 9]]","[[7, 3, 1], [10, 8, 9, 5, 6]]"
voreloxin,265,"[[7, 6, 8], [8, 7, 9, 16], [25, 24], [27, 26]]","[[7, 6, 8, 0, 11, 9, 16], [8, 7, 9, 16, 6, 1, 10, 17, 18], [25, 24, 19], [27, 26, 20]]"
MMAMC,55,"[[13, 12], [15, 14]]","[[13, 12, 11], [15, 14, 7]]"
1_8_cineole,540,"[[0, 1, 5], [4, 3, 5]]","[[0, 1, 5, 2, 4, 6, 10], [4, 3, 5, 2, 0, 6, 10]]"
rabeprazole_thioether,230,"[[3, 0, 5], [21, 17]]","[[3, 0, 5, 1, 2, 4], [21, 17, 20]]"
7-pentoxycoumarin,669,"[[4, 3, 5], [6, 5, 7], [7, 6, 8]]","[[4, 3, 5, 2, 6], [6, 5, 7, 4, 8], [7, 6, 8, 5]]"
methylformamide,529,"[[1, 0, 2], [2, 1, 3]]","[[1, 0, 2, 3], [2, 1, 3, 0]]"
bromocriptine,565,"[[17, 11, 18], [18, 12, 17]]","[[17, 11, 18, 4, 9, 12], [18, 12, 17, 4, 11]]"
timolol,501,"[[10, 6, 13], [11, 7, 13]]","[[10, 6, 13, 2, 11], [11, 7, 13, 2, 10]]"
androstenedione,560,"[[7, 3, 11]]","[[7, 3, 11, 1, 8, 5]]"
3_hpph,541,"[[2, 1, 3]]","[[2, 1, 3, 0, 4, 19]]"
clotiazepam,115,"[[11, 10], [18, 17, 19]]","[[11, 10, 9, 12], [18, 17, 19, 16, 20]]"
ethanol,142,"[[1, 0, 2]]","[[1, 0, 2]]"
rpr_106541,645,"[[19, 0, 28]]","[[19, 0, 28, 1, 7, 8]]"
cyclobenzaprine,120,"[[19, 18], [20, 18]]","[[19, 18, 17, 20], [20, 18, 17, 19]]"
NPYR,290,"[[3, 2, 4], [6, 2, 5]]","[[3, 2, 4, 0, 6, 5], [6, 2, 5, 0, 3, 4]]"
traxoprodil,502,"[[15, 11, 14], [16, 10, 14]]","[[15, 11, 14, 8, 16, 17], [16, 10, 14, 8, 15, 17]]"
trichloroethane,538,"[[4, 1]]","[[4, 1, 0, 2, 3]]"
territrem_A,656,"[[35, 30], [36, 30]]","[[35, 30, 24, 33, 36], [36, 30, 24, 33, 35]]"
NDPA,287,"[[3, 2, 5], [4, 2, 7]]","[[3, 2, 5, 0, 4, 6], [4, 2, 7, 0, 3, 8]]"
BMAMC,35,"[[13, 12, 14], [18, 17]]","[[13, 12, 14, 11, 15], [18, 17, 7]]"
CARBAMAZEPINE,37,"[[11, 4, 14], [12, 5, 16], [14, 6, 11], [15, 7, 17], [16, 10, 12], [17, 13, 15]]","[[11, 4, 14, 1, 10, 6], [12, 5, 16, 1, 10], [14, 6, 11, 2, 13, 4], [15, 7, 17, 2, 13], [16, 10, 12, 4, 5], [17, 13, 15, 6, 7]]"
bufuralol,99,"[[5, 1, 9], [6, 2, 9], [7, 2, 10]]","[[5, 1, 9, 0, 4, 6], [6, 2, 9, 0, 7, 5], [7, 2, 10, 0, 6]]"
e_2101,585,"[[19, 16, 21], [21, 19, 22]]","[[19, 16, 21, 13, 14, 22], [21, 19, 22, 16, 23, 24]]"
no_1886,419,"[[23, 21, 24], [25, 20, 26]]","[[23, 21, 24, 19], [25, 20, 26, 19]]"
riluzole,233,"[[6, 13]]","[[6, 13, 0, 5]]"
nor_laam,344,"[[19, 12]]","[[19, 12, 5]]"
flurbiprofen,432,"[[12, 9, 10]]","[[12, 9, 10, 4, 5]]"
chlorzoxazone,109,"[[2, 1, 4]]","[[2, 1, 4, 0, 3, 5]]"
dexloxiglumide,327,"[[28, 24]]","[[28, 24, 20]]"
ETBE,282,"[[5, 4, 6]]","[[5, 4, 6, 1]]"
TAME,294,"[[6, 5]]","[[6, 5, 2]]"
MNAN,283,"[[4, 3, 5]]","[[4, 3, 5, 2, 6, 7]]"
zatosetron,665,"[[20, 18, 19, 23], [23, 20]]","[[20, 18, 19, 23, 16, 21, 17, 22], [23, 20, 18, 19]]"
vitamin_d2,662,"[[24, 23, 25, 26]]","[[24, 23, 25, 26, 22, 27, 28]]"
tacrine,241,"[[2, 3, 4], [3, 2, 5], [6, 4, 7], [13, 11, 14]]","[[2, 3, 4, 5, 6], [3, 2, 5, 4, 7, 8], [6, 4, 7, 2, 0, 5], [13, 11, 14, 9, 12]]"
thalidomide,351,"[[1, 0, 2], [12, 11, 13], [13, 12, 14], [14, 13, 15], [15, 14, 16]]","[[1, 0, 2, 7, 3, 4], [12, 11, 13, 9, 16, 14], [13, 12, 14, 11, 15], [14, 13, 15, 12, 16], [15, 14, 16, 13, 11, 17]]"
MEOPP,466,"[[0, 1]]","[[0, 1, 2]]"
8-OH-efavirenz,278,"[[7, 8, 9, 11]]","[[7, 8, 9, 11, 13]]"
eicosapentaenoic_acid,412,"[[5, 3, 7], [7, 5, 9], [11, 9, 13], [13, 11, 15], [18, 15, 19], [19, 18, 20], [20, 19, 21], [21, 20]]","[[5, 3, 7, 1, 9], [7, 5, 9, 3, 11], [11, 9, 13, 7, 15], [13, 11, 15, 9, 18], [18, 15, 19, 13, 20], [19, 18, 20, 15, 21], [20, 19, 21, 18], [21, 20, 19]]"
nicotine,196,"[[3, 4, 7, 11], [8, 7], [9, 7, 10]]","[[3, 4, 7, 11, 2, 5, 8, 9, 10], [8, 7, 3, 9], [9, 7, 10, 3, 8, 11]]"
cerivastatin,409,"[[15, 16], [18, 16], [32, 31]]","[[15, 16, 11, 18], [18, 16, 11, 15], [32, 31, 17]]"
ziprasidone,666,"[[12, 11, 13], [22, 21, 23]]","[[12, 11, 13, 0, 14, 18], [22, 21, 23, 20, 24, 19]]"
clomipramine,113,"[[1, 0, 2], [10, 9, 11], [19, 18], [20, 18]]","[[1, 0, 2, 5, 3], [10, 9, 11, 8, 12, 21], [19, 18, 17, 20], [20, 18, 17, 19]]"
tamsulosin,499,"[[11, 5], [16, 14, 17], [24, 21, 25], [26, 23, 27]]","[[11, 5, 1], [16, 14, 17, 13, 18], [24, 21, 25, 19, 22], [26, 23, 27, 20]]"
phenanthrene,216,"[[3, 2, 4], [4, 3, 5], [6, 5, 7], [7, 6, 8], [8, 7, 9], [9, 0, 8], [10, 1, 11], [11, 10, 12], [12, 11, 13], [13, 2, 12]]","[[3, 2, 4, 1, 13, 5], [4, 3, 5, 2, 0, 6], [6, 5, 7, 0, 4, 8], [7, 6, 8, 5, 9], [8, 7, 9, 6, 0], [9, 0, 8, 1, 5, 7], [10, 1, 11, 0, 2, 12], [11, 10, 12, 1, 13], [12, 11, 13, 10, 2], [13, 2, 12, 1, 3, 11]]"
7-pentoxyresorufin,30,"[[16, 1, 17]]","[[16, 1, 17, 9, 18]]"
quazepam,393,"[[6, 2, 12, 13], [13, 6]]","[[6, 2, 12, 13, 0, 7, 10], [13, 6, 2, 12]]"
thioridazine,255,"[[2, 4, 5], [13, 12, 20], [15, 7]]","[[2, 4, 5, 1, 11, 3, 18], [13, 12, 20, 8, 14], [15, 7, 10, 16]]"
ropivacaine,235,"[[3, 2, 4], [4, 3, 5], [5, 4, 6], [7, 2], [8, 6], [17, 12, 18]]","[[3, 2, 4, 1, 7, 5], [4, 3, 5, 2, 6], [5, 4, 6, 3, 1, 8], [7, 2, 1, 3], [8, 6, 1, 5], [17, 12, 18, 10, 15, 19]]"
da_8159,576,"[[7, 2, 12], [11, 5], [12, 7, 14], [14, 12], [21, 18, 23], [23, 21, 27], [27, 23], [28, 24, 29]]","[[7, 2, 12, 0, 6, 14], [11, 5, 1, 6], [12, 7, 14, 2], [14, 12, 7], [21, 18, 23, 15, 27], [23, 21, 27, 18], [27, 23, 21], [28, 24, 29, 22, 30]]"
norverapamil,420,"[[23, 22, 24]]","[[23, 22, 24, 21, 25]]"
acetaldehyde,520,"[[1, 0, 2]]","[[1, 0, 2]]"
h259_31,158,"[[1, 0, 2], [10, 8, 11, 12], [20, 19, 21]]","[[1, 0, 2, 5, 3, 6], [10, 8, 11, 12, 7, 9, 13], [20, 19, 21, 15, 22, 23]]"
7-ethoxyresorufin,26,"[[16, 1, 17]]","[[16, 1, 17, 9]]"
4_nitropyrene,17,"[[8, 3, 10], [10, 4, 8], [16, 6, 17, 18]]","[[8, 3, 10, 0, 9, 4], [10, 4, 8, 1, 11, 3], [16, 6, 17, 18, 2, 12]]"
arachidonic_acid,89,"[[3, 2, 5], [5, 3, 7], [6, 4, 10], [7, 5], [10, 6, 11], [11, 10, 15], [14, 16, 19], [15, 11, 18], [17, 18, 20], [18, 15, 17], [19, 14, 20], [20, 17, 19]]","[[3, 2, 5, 4, 7], [5, 3, 7, 2], [6, 4, 10, 2, 11], [7, 5, 3], [10, 6, 11, 4, 15], [11, 10, 15, 6, 18], [14, 16, 19, 13, 20], [15, 11, 18, 10, 17], [17, 18, 20, 15, 19], [18, 15, 17, 11, 20], [19, 14, 20, 16, 17], [20, 17, 19, 18, 14]]"
nefazodone,622,"[[15, 10, 16], [19, 18, 20], [29, 28, 30]]","[[15, 10, 16, 9, 11], [19, 18, 20, 17, 21, 25], [29, 28, 30, 27, 32, 31]]"
IQ,49,"[[14, 10]]","[[14, 10, 11, 12]]"
1_4_cineole,539,"[[3, 2, 4], [7, 4, 6]]","[[3, 2, 4, 1, 0, 5, 7], [7, 4, 6, 0, 3, 5, 1]]"
s_145,440,"[[7, 2, 9], [9, 4, 7]]","[[7, 2, 9, 0, 6, 4], [9, 4, 7, 1, 6, 2]]"
meta_chlorophenylpiperazine,488,"[[10, 6, 7]]","[[10, 6, 7, 2, 3, 12]]"
lornoxicam,435,"[[21, 19, 22]]","[[21, 19, 22, 15, 20]]"
7-methoxyresorufin,29,"[[16, 1]]","[[16, 1, 9]]"
RP73401,318,"[[22, 21, 23], [23, 22, 24]]","[[22, 21, 23, 15, 24], [23, 22, 24, 21, 15]]"
NMPhA,289,"[[4, 2]]","[[4, 2, 0, 3]]"
simvastatin,650,"[[13, 11, 15], [19, 18, 20, 21], [20, 14, 19], [21, 19]]","[[13, 11, 15, 10, 16, 14], [19, 18, 20, 21, 17, 14], [20, 14, 19, 12, 15, 18, 21], [21, 19, 18, 20]]"
NN_dimethyl_M_toluamide,64,"[[9, 8, 12], [10, 8, 11], [13, 2]]","[[9, 8, 12, 6, 10], [10, 8, 11, 6, 9], [13, 2, 1, 3]]"
formononetin,152,"[[3, 0, 7], [9, 5, 7], [14, 13, 15], [16, 15, 17], [19, 18]]","[[3, 0, 7, 1, 2, 9, 11], [9, 5, 7, 1, 3, 11], [14, 13, 15, 12, 16, 18], [16, 15, 17, 14, 18, 12], [19, 18, 15]]"
p-xylene,533,"[[3, 2], [7, 6]]","[[3, 2, 1, 4], [7, 6, 0, 5]]"
irinotecan,604,"[[36, 19, 40], [37, 19, 41]]","[[36, 19, 40, 21, 37, 42], [37, 19, 41, 21, 36, 42]]"
quinine,394,"[[20, 17, 19, 22]]","[[20, 17, 19, 22, 14, 15, 21, 23]]"
7-benzyloxyquinoline,23,"[[4, 1, 8], [10, 9, 11]]","[[4, 1, 8, 0, 5, 7, 9], [10, 9, 11, 8, 13, 17]]"
propofol,224,"[[11, 10, 12]]","[[11, 10, 12, 6, 0]]"
styrene,240,"[[2, 1, 3], [3, 2]]","[[2, 1, 3, 0, 4], [3, 2, 1]]"
valsartan,445,"[[30, 29, 31]]","[[30, 29, 31, 23]]"
3-cyano-7-ethoxycoumarin,8,"[[4, 3, 5]]","[[4, 3, 5, 2]]"
flunarizine,304,"[[3, 2, 4], [7, 6, 8], [13, 12, 14, 15]]","[[3, 2, 4, 1, 10, 17], [7, 6, 8, 5, 9], [13, 12, 14, 15, 11, 16, 18, 23, 24, 29]]"
trans_phenylpropene,657,"[[6, 0, 7], [7, 6, 8], [8, 7]]","[[6, 0, 7, 1, 5, 8], [7, 6, 8, 0], [8, 7, 6]]"
cholic_acid,674,"[[28, 27]]","[[28, 27, 23, 24]]"
perhexiline,345,"[[14, 10, 11], [15, 12, 13]]","[[14, 10, 11, 5, 6], [15, 12, 13, 7, 8]]"
methiocarb,181,"[[12, 7, 14]]","[[12, 7, 14, 4, 5]]"
brofaromine,472,"[[14, 11]]","[[14, 11, 7]]"
ecabapide,587,"[[14, 13, 16], [22, 20, 21]]","[[14, 13, 16, 12, 15, 17], [22, 20, 21, 18, 23, 19]]"
methadone,339,"[[19, 12], [20, 12]]","[[19, 12, 5, 20], [20, 12, 5, 19]]"
mycophenolic_acid,619,"[[14, 12]]","[[14, 12, 6]]"
3-methylether-estradiol,12,"[[20, 1]]","[[20, 1, 19]]"
propranolol,225,"[[9, 3, 15, 16], [13, 4, 10], [14, 4, 18]]","[[9, 3, 15, 16, 7], [13, 4, 10, 0, 14, 11], [14, 4, 18, 0, 13, 17]]"
pefloxacin,212,"[[14, 5]]","[[14, 5, 9, 10]]"
methoxychlor,182,"[[11, 4, 15], [12, 5, 15], [13, 6, 16], [14, 7, 16], [19, 17], [20, 18]]","[[11, 4, 15, 1, 12, 17], [12, 5, 15, 1, 11, 17], [13, 6, 16, 2, 14, 18], [14, 7, 16, 2, 13, 18], [19, 17, 15], [20, 18, 16]]"
zopiclone,404,"[[24, 22, 23, 25], [25, 24]]","[[24, 22, 23, 25, 20, 21], [25, 24, 22, 23]]"
mesoridazine,180,"[[13, 12, 14, 21]]","[[13, 12, 14, 21, 8, 15]]"
mephobarbital,338,"[[11, 8], [15, 14, 16]]","[[11, 8, 6, 9], [15, 14, 16, 13, 17]]"
indomethacin,381,"[[24, 23]]","[[24, 23, 16]]"
roxithromycin,644,"[[48, 43], [49, 43]]","[[48, 43, 31, 49], [49, 43, 31, 48]]"
mirtazapine,188,"[[8, 9, 11, 14], [14, 8], [17, 13, 16]]","[[8, 9, 11, 14, 1, 6], [14, 8, 9, 11], [17, 13, 16, 4, 10]]"
terbinafine,249,"[[0, 1, 5], [1, 0, 2], [6, 2, 7], [7, 6, 8], [10, 9, 11], [12, 11], [19, 18], [20, 18], [21, 18]]","[[0, 1, 5, 2, 4], [1, 0, 2, 5, 3, 6], [6, 2, 7, 1, 3, 8], [7, 6, 8, 2, 9], [10, 9, 11, 3, 8, 12, 13], [12, 11, 10, 13], [19, 18, 17, 20, 21], [20, 18, 17, 19, 21], [21, 18, 17, 19, 20]]"
phencyclidine,631,"[[15, 9, 10]]","[[15, 9, 10, 3, 4]]"
tpa023,679,"[[18, 16], [19, 16], [20, 16], [27, 26, 28]]","[[18, 16, 13, 19, 20], [19, 16, 13, 18, 20], [20, 16, 13, 18, 19], [27, 26, 28, 22, 25]]"
bisoprolol,471,"[[20, 19, 21, 22]]","[[20, 19, 21, 22, 16]]"
O6-benzylguanine,67,"[[1, 0, 2]]","[[1, 0, 2, 10, 3]]"
ibuprofen,415,"[[12, 11, 13, 14], [13, 12], [14, 12]]","[[12, 11, 13, 14, 10], [13, 12, 11, 14], [14, 12, 11, 13]]"
sertindole,517,"[[21, 20, 22], [26, 23, 27], [27, 26, 28]]","[[21, 20, 22, 19, 24, 23], [26, 23, 27, 22, 29, 28], [27, 26, 28, 23, 29]]"
zotepine,270,"[[4, 1, 9], [17, 14, 18], [18, 15, 17], [20, 19], [21, 19]]","[[4, 1, 9, 0, 5, 11, 14], [17, 14, 18, 9, 15], [18, 15, 17, 11, 14], [20, 19, 16, 21], [21, 19, 16, 20]]"
bromodichloromethane,98,"[[0, 1, 2, 3], [3, 0]]","[[0, 1, 2, 3], [3, 0, 1, 2]]"
ml_3403,189,"[[0, 18, 28], [2, 6, 11], [5, 11, 19], [6, 2, 7, 12]]","[[0, 18, 28, 3, 4], [2, 6, 11, 7, 12, 5, 13], [5, 11, 19, 2, 13, 17], [6, 2, 7, 12, 11, 15, 16]]"
9_OH_risperidone,507,"[[29, 26, 30]]","[[29, 26, 30, 21, 27]]"
beta_thujone,564,"[[0, 1, 5, 6], [8, 3, 9, 10], [9, 8], [10, 8]]","[[0, 1, 5, 6, 2, 3, 4, 7], [8, 3, 9, 10, 1, 2, 4], [9, 8, 3, 10], [10, 8, 3, 9]]"
flutamide,150,"[[8, 10, 13, 14]]","[[8, 10, 13, 14, 3, 6]]"
rifalazil,641,"[[65, 59]]","[[65, 59, 53, 56]]"
oleic_acid,532,"[[0, 1], [1, 0, 2]]","[[0, 1, 2], [1, 0, 2, 3]]"
azelastine,92,"[[26, 22]]","[[26, 22, 21, 23]]"
N_ac_DFEC,550,"[[5, 4, 9]]","[[5, 4, 9, 1, 10, 11, 12]]"
deramciclane,578,"[[17, 10], [18, 10]]","[[17, 10, 14, 18], [18, 10, 14, 17]]"
barnidipine,295,"[[0, 1, 2, 3], [4, 1, 10, 11], [12, 5, 8], [19, 10, 23, 24], [29, 27, 30]]","[[0, 1, 2, 3, 4, 5, 6, 7, 8, 9], [4, 1, 10, 11, 0, 5, 19], [12, 5, 8, 1, 13, 3, 16], [19, 10, 23, 24, 4, 27, 28], [29, 27, 30, 23, 28, 31, 32]]"
kaempferide,166,"[[21, 20]]","[[21, 20, 19]]"
riddelliine,639,"[[0, 1, 2, 3], [3, 0, 8, 9], [9, 3, 7]]","[[0, 1, 2, 3, 4, 5, 6, 7, 8, 9], [3, 0, 8, 9, 1, 2, 5, 7], [9, 3, 7, 0, 8, 2]]"
p-isopropyloxyacetanilide,208,"[[10, 9], [11, 0, 12, 13]]","[[10, 9, 1, 2], [11, 0, 12, 13, 6]]"
rosiglitazone,236,"[[20, 5, 23], [22, 8], [24, 21, 23]]","[[20, 5, 23, 6, 8, 24], [22, 8, 5, 19], [24, 21, 23, 6, 20]]"
nevirapine,343,"[[4, 3, 5], [13, 12, 14], [14, 13, 15], [18, 15]]","[[4, 3, 5, 2, 6], [13, 12, 14, 11, 15], [14, 13, 15, 12, 10, 18], [18, 15, 10, 14]]"
lithocholic_acid,612,"[[12, 5, 14]]","[[12, 5, 14, 1, 10, 19]]"
4_demethyl_olanzapine,506,"[[16, 8, 17], [20, 8, 19]]","[[16, 8, 17, 7, 20, 18], [20, 8, 19, 7, 16, 18]]"
all_trans_retinol,81,"[[2, 1, 3], [19, 17, 20]]","[[2, 1, 3, 0, 8, 4], [19, 17, 20, 16]]"
kr_33028,609,"[[1, 0, 2], [3, 2, 4]]","[[1, 0, 2, 5, 6, 3], [3, 2, 4, 1, 5, 15]]"
cocaine,569,"[[3, 0]]","[[3, 0, 5, 20]]"
nifedipine,623,"[[6, 5, 7, 11], [9, 8, 10]]","[[6, 5, 7, 11, 0, 4, 8, 14, 10, 17], [9, 8, 10, 7, 12, 11, 13]]"
deoxypodophyllotoxin,373,"[[10, 8, 13], [25, 2, 3], [26, 4], [27, 5], [28, 6]]","[[10, 8, 13, 7, 12, 11, 17], [25, 2, 3, 18, 19], [26, 4, 22], [27, 5, 23], [28, 6, 24]]"
osu_6162,206,"[[11, 2, 17]]","[[11, 2, 17, 8, 10, 18]]"
atorvastatin,563,"[[27, 23, 32], [28, 23, 33], [35, 32, 33]]","[[27, 23, 32, 14, 28, 35], [28, 23, 33, 14, 27, 35], [35, 32, 33, 27, 28]]"
bosentan,430,"[[20, 19], [36, 35], [37, 35], [38, 35]]","[[20, 19, 14], [36, 35, 32, 37, 38], [37, 35, 32, 36, 38], [38, 35, 32, 36, 37]]"
hexane,333,"[[0, 1], [1, 0, 2], [2, 1, 3], [3, 2, 4], [4, 3, 5], [5, 4]]","[[0, 1, 2], [1, 0, 2, 3], [2, 1, 3, 0, 4], [3, 2, 4, 1, 5], [4, 3, 5, 2], [5, 4, 3]]"
tropisetron,503,"[[8, 3, 11], [11, 7, 8], [20, 17]]","[[8, 3, 11, 0, 7], [11, 7, 8, 2, 3], [20, 17, 15, 16]]"
4-aminobiphenyl,14,"[[12, 3]]","[[12, 3, 2, 4]]"
NNK,63,"[[2, 1, 3], [10, 9, 11], [12, 11]]","[[2, 1, 3, 0, 4], [10, 9, 11, 8, 12, 13], [12, 11, 10, 13]]"
phenformin,492,"[[8, 5, 6]]","[[8, 5, 6, 2, 3]]"
ddb,124,"[[13, 12, 14], [16, 15, 17], [25, 23], [27, 26]]","[[13, 12, 14, 1, 2], [16, 15, 17, 7, 8], [25, 23, 11, 26], [27, 26, 23]]"
dichloromethane,524,"[[0, 1, 2]]","[[0, 1, 2]]"
pimozide,220,"[[16, 13, 17]]","[[16, 13, 17, 12, 14, 18]]"
fipronil,376,"[[16, 11, 17, 18], [18, 16]]","[[16, 11, 17, 18, 10, 12, 19, 20, 21], [18, 16, 11, 17]]"
3-methoxy-4-trifluoromethylcoumarin,11,"[[4, 3]]","[[4, 3, 2]]"
reboxetine,637,"[[1, 0, 2], [5, 4, 6], [6, 5, 7]]","[[1, 0, 2, 3], [5, 4, 6, 3, 7], [6, 5, 7, 4, 8]]"
tolbutamide,397,"[[15, 13]]","[[15, 13, 10, 11]]"
all_trans_retinal,80,"[[6, 5, 12]]","[[6, 5, 12, 8]]"
sni_2011,455,"[[8, 3, 9]]","[[8, 3, 9, 0, 4, 12]]"
NMBA,62,"[[3, 2, 5], [4, 2]]","[[3, 2, 5, 0, 4, 6], [4, 2, 0, 3]]"
KR_31543,50,"[[4, 2, 5], [16, 15], [17, 0, 15, 18]]","[[4, 2, 5, 1, 3, 6], [16, 15, 8, 17], [17, 0, 15, 18, 1, 6, 8, 16, 19, 20]]"
3-methylindole,13,"[[1, 0, 2], [9, 2]]","[[1, 0, 2, 8, 3, 9], [9, 2, 1, 3]]"
endosulfan,331,"[[17, 13, 16, 18]]","[[17, 13, 16, 18, 6, 12]]"
sildenafil,395,"[[6, 3]]","[[6, 3, 2, 4]]"
harmaline,160,"[[15, 14]]","[[15, 14, 13]]"
testosterone,350,"[[0, 1, 5], [6, 3, 7], [14, 10, 15], [15, 14, 16], [16, 11, 15, 19], [19, 16]]","[[0, 1, 5, 2, 20, 4], [6, 3, 7, 2, 4, 8], [14, 10, 15, 8, 11, 16], [15, 14, 16, 10, 11, 19], [16, 11, 15, 19, 10, 12, 18, 14], [19, 16, 11, 15]]"
N_ac_PCBC,552,"[[5, 4, 7]]","[[5, 4, 7, 1, 8, 9]]"
DRF_4367,358,"[[7, 6]]","[[7, 6, 3]]"
ropinirole,234,"[[4, 3, 5], [11, 10, 13], [12, 10, 15]]","[[4, 3, 5, 2, 8, 6], [11, 10, 13, 9, 12, 14], [12, 10, 15, 9, 11, 16]]"
foxy,153,"[[12, 3, 16, 17], [13, 3, 14, 15], [19, 18]]","[[12, 3, 16, 17, 1, 13], [13, 3, 14, 15, 1, 12], [19, 18, 10]]"
3-cyano-7-methoxycoumarin,9,"[[4, 3]]","[[4, 3, 2]]"
omeprazole,308,"[[9, 4], [11, 1, 12, 22], [22, 11], [23, 21]]","[[9, 4, 3, 5], [11, 1, 12, 22, 0, 13, 20], [22, 11, 1, 12], [23, 21, 18]]"
lidocaine,168,"[[1, 0, 2], [3, 2, 4], [10, 9, 15], [11, 9, 16]]","[[1, 0, 2, 5, 13, 3], [3, 2, 4, 1, 5, 14], [10, 9, 15, 8, 11], [11, 9, 16, 8, 10]]"
DDTC_Me,42,"[[5, 0, 6, 7], [6, 5], [7, 5, 8]]","[[5, 0, 6, 7, 1, 2, 8], [6, 5, 0, 7], [7, 5, 8, 0, 6]]"
diphenhydramine,132,"[[7, 6], [8, 6]]","[[7, 6, 5, 8], [8, 6, 5, 7]]"
myristic_acid,530,"[[1, 0, 2]]","[[1, 0, 2, 3]]"
valdecoxib,444,"[[9, 3]]","[[9, 3, 0, 8]]"
imidacloprid,602,"[[7, 3, 4]]","[[7, 3, 4, 0, 1]]"
urporphyrinogen,263,"[[28, 20, 26], [29, 21, 24], [30, 22, 27], [31, 23, 25]]","[[28, 20, 26, 16, 32, 18, 38], [29, 21, 24, 17, 33, 16, 36], [30, 22, 27, 18, 34, 19, 39], [31, 23, 25, 19, 35, 17, 37]]"
ml_3603,190,"[[0, 1, 19, 29], [1, 0], [6, 12, 20], [7, 3, 8, 13]]","[[0, 1, 19, 29, 4, 5], [1, 0, 19, 29], [6, 12, 20, 3, 14, 18], [7, 3, 8, 13, 12, 16, 17]]"
clindamycin,568,"[[15, 8, 23], [20, 9]]","[[15, 8, 23, 1, 3], [20, 9, 10, 11]]"
progesterone,221,"[[3, 2, 5], [7, 1, 11], [17, 14, 18, 20], [18, 16, 17], [21, 20]]","[[3, 2, 5, 0, 4, 6], [7, 1, 11, 0, 6, 10], [17, 14, 18, 20, 13, 15, 19, 16, 21, 22], [18, 16, 17, 15, 14, 20], [21, 20, 17, 22]]"
cj_12_458,511,"[[31, 25, 32, 33], [33, 31]]","[[31, 25, 32, 33, 24, 26], [33, 31, 25, 32]]"
cyclophosphamide,122,"[[5, 2, 13], [6, 2, 12], [9, 1, 10]]","[[5, 2, 13, 0, 6, 7], [6, 2, 12, 0, 5, 8], [9, 1, 10, 0, 11]]"
rutaecarpine,237,"[[12, 6, 17], [13, 8, 18], [17, 12, 18], [18, 13, 17], [21, 19, 20]]","[[12, 6, 17, 2, 8, 18], [13, 8, 18, 3, 6, 17], [17, 12, 18, 6, 13], [18, 13, 17, 8, 12], [21, 19, 20, 14, 16]]"
DBAJAC,41,"[[2, 1, 3], [3, 2, 4], [5, 4, 6], [7, 6, 8], [8, 7, 9], [12, 11, 13], [14, 1, 15], [15, 14, 16], [16, 15, 17], [17, 0, 16], [18, 10, 19], [19, 18, 20], [20, 19, 21], [21, 9, 20]]","[[2, 1, 3, 0, 14, 4], [3, 2, 4, 1, 5, 13], [5, 4, 6, 3, 13, 7, 11], [7, 6, 8, 5, 11, 9], [8, 7, 9, 6, 10, 21], [12, 11, 13, 6, 10, 0, 4], [14, 1, 15, 0, 2, 16], [15, 14, 16, 1, 17], [16, 15, 17, 14, 0], [17, 0, 16, 1, 13, 15], [18, 10, 19, 9, 11, 20], [19, 18, 20, 10, 21], [20, 19, 21, 18, 9], [21, 9, 20, 8, 10, 19]]"
loperamide,337,"[[17, 10], [18, 10]]","[[17, 10, 4, 18], [18, 10, 4, 17]]"
laquinimod,610,"[[5, 1, 12], [8, 3, 12], [11, 4], [12, 5, 8]]","[[5, 1, 12, 0, 4, 8], [8, 3, 12, 0, 9, 5], [11, 4, 1, 10], [12, 5, 8, 1, 3]]"
salicylate,536,"[[4, 3, 5]]","[[4, 3, 5, 2, 0]]"
selegiline,238,"[[10, 8], [13, 8, 11]]","[[10, 8, 7, 13], [13, 8, 11, 7, 10, 12]]"
licofelone,384,"[[10, 4], [11, 4], [25, 21, 22]]","[[10, 4, 5, 6, 11], [11, 4, 5, 6, 10], [25, 21, 22, 16, 17]]"
metoclopramide,186,"[[16, 15, 18], [17, 15, 19]]","[[16, 15, 18, 14, 17], [17, 15, 19, 14, 16]]"
ethiprole,591,"[[13, 6, 16, 17], [17, 13]]","[[13, 6, 16, 17, 2, 8, 20], [17, 13, 6, 16]]"
chlorpyrifos,108,"[[0, 1, 2, 3, 4], [4, 0]]","[[0, 1, 2, 3, 4, 5, 6, 7], [4, 0, 1, 2, 3]]"
torasemide,424,"[[21, 17]]","[[21, 17, 13, 20]]"
capsaicin,101,"[[1, 0, 4], [2, 0, 5], [3, 0, 6], [5, 2, 7], [6, 3, 9], [11, 8], [19, 18, 20, 21], [20, 19], [21, 19]]","[[1, 0, 4, 2, 3, 7, 8], [2, 0, 5, 1, 3, 7], [3, 0, 6, 1, 2, 9], [5, 2, 7, 0, 4, 10], [6, 3, 9, 0, 12, 13], [11, 8, 4], [19, 18, 20, 21, 17], [20, 19, 18, 21], [21, 19, 18, 20]]"
SM-12502,293,"[[6, 1, 5]]","[[6, 1, 5, 0, 2, 4, 7]]"
methoxychlor_catechol,183,"[[20, 18]]","[[20, 18, 16]]"
everolimus,594,"[[16, 12, 21, 22], [21, 16, 27], [54, 49, 58], [59, 55, 64, 65], [66, 62, 64, 67]]","[[16, 12, 21, 22, 6, 15, 17, 27], [21, 16, 27, 12, 22, 20], [54, 49, 58, 44, 63], [59, 55, 64, 65, 51, 60, 66], [66, 62, 64, 67, 57, 59]]"
kr_60436,167,"[[7, 2, 9], [9, 3, 7], [18, 13, 23], [30, 29]]","[[7, 2, 9, 0, 6, 3], [9, 3, 7, 0, 8, 2], [18, 13, 23, 6, 28], [30, 29, 24]]"
2_nitropyrene,6,"[[4, 3, 5], [5, 4, 6], [7, 6, 8], [16, 1, 17, 18]]","[[4, 3, 5, 2, 14, 6], [5, 4, 6, 3, 7, 15], [7, 6, 8, 5, 15, 9], [16, 1, 17, 18, 0, 2]]"
2-acetylaminofluorene,3,"[[0, 1, 2], [5, 1, 6], [14, 13, 15], [16, 12, 15]]","[[0, 1, 2, 5, 9, 3, 4], [5, 1, 6, 0, 9, 7, 10], [14, 13, 15, 11, 16], [16, 12, 15, 7, 11, 14]]"
trimethadione,425,"[[6, 3]]","[[6, 3, 1, 4]]"
aniline,522,"[[4, 3, 5]]","[[4, 3, 5, 2, 6]]"
7-hydroxy-delta_8_tetrahydrocannabinol,27,"[[13, 1, 12, 23]]","[[13, 1, 12, 23, 0, 2, 11]]"
sibutramine,347,"[[12, 1], [13, 1]]","[[12, 1, 5, 13], [13, 1, 5, 12]]"
PMMA,469,"[[0, 1]]","[[0, 1, 2]]"
7-benzyloxyresorufin,24,"[[16, 1, 17]]","[[16, 1, 17, 9, 18, 22]]"
diazepam,329,"[[9, 8], [12, 11, 13]]","[[9, 8, 2, 11], [12, 11, 13, 8, 10, 7]]"
temazepam,349,"[[9, 8]]","[[9, 8, 2, 11]]"
ne_100,194,"[[14, 5, 19], [15, 5, 20], [16, 10], [23, 17, 25], [24, 18, 25], [25, 23, 24]]","[[14, 5, 19, 8, 15, 21], [15, 5, 20, 8, 14, 22], [16, 10, 1], [23, 17, 25, 12, 24], [24, 18, 25, 12, 23], [25, 23, 24, 17, 18]]"
albendazole,79,"[[12, 10, 14]]","[[12, 10, 14, 7, 13, 16]]"
para_cresol,210,"[[2, 1, 3], [4, 3, 5], [6, 0]]","[[2, 1, 3, 0, 4, 7], [4, 3, 5, 2, 7, 0], [6, 0, 1, 5]]"
fluvoxamine,151,"[[0, 1], [2, 1, 3], [9, 8, 10], [10, 9, 11]]","[[0, 1, 2], [2, 1, 3, 0, 4], [9, 8, 10, 7, 11], [10, 9, 11, 8]]"
lisofylline,170,"[[16, 15, 17], [17, 16, 18, 19]]","[[16, 15, 17, 14, 18, 19], [17, 16, 18, 19, 15]]"
raloxifene,516,"[[2, 1, 3], [4, 3, 5], [29, 28, 30], [31, 30, 32]]","[[2, 1, 3, 0, 4, 6], [4, 3, 5, 2, 6, 0, 7], [29, 28, 30, 27, 31, 33], [31, 30, 32, 29, 33, 27]]"
flucloxacillin,599,"[[22, 18]]","[[22, 18, 15, 21]]"
simvastatin_hydroxy_acid,422,"[[14, 12, 16], [20, 19, 21, 22], [21, 15, 20], [22, 20]]","[[14, 12, 16, 11, 17, 15], [20, 19, 21, 22, 18, 15], [21, 15, 20, 13, 16, 19, 22], [22, 20, 19, 21]]"
4_hydroxytamoxifen,543,"[[15, 8, 20], [16, 9, 20]]","[[15, 8, 20, 3, 16, 28], [16, 9, 20, 3, 15, 28]]"
benzo_a_pyrene,93,"[[8, 3, 7], [10, 3, 12], [11, 5, 9], [12, 6, 10], [13, 5, 17], [14, 6, 17], [15, 4, 18], [16, 7, 19], [18, 15, 19], [19, 16, 18]]","[[8, 3, 7, 0, 10, 4, 16], [10, 3, 12, 0, 8, 6], [11, 5, 9, 1, 13, 2], [12, 6, 10, 1, 14, 3], [13, 5, 17, 1, 11, 14], [14, 6, 17, 1, 12, 13], [15, 4, 18, 2, 7, 19], [16, 7, 19, 4, 8, 18], [18, 15, 19, 4, 16], [19, 16, 18, 7, 15]]"
MPPP,363,"[[0, 1]]","[[0, 1, 2, 6]]"
montelukast,191,"[[5, 3, 7], [14, 11, 17], [28, 24], [29, 24]]","[[5, 3, 7, 0, 10, 11], [14, 11, 17, 7, 20, 21], [28, 24, 20, 29, 30], [29, 24, 20, 28, 30]]"
brotizolam,566,"[[0, 1], [5, 4, 6]]","[[0, 1, 2, 21], [5, 4, 6, 3, 21, 7]]"
olopatadine,626,"[[23, 20], [24, 20]]","[[23, 20, 17, 24], [24, 20, 17, 23]]"
meperidine,178,"[[10, 9]]","[[10, 9, 8, 11]]"
roquinimex,642,"[[5, 1, 11], [8, 3, 11], [10, 4], [11, 5, 8], [17, 14], [22, 20, 21]]","[[5, 1, 11, 0, 4, 8], [8, 3, 11, 0, 5], [10, 4, 1, 9], [11, 5, 8, 1, 3], [17, 14, 12, 16], [22, 20, 21, 18, 19]]"
cyclosporine_a,575,"[[65, 41, 78, 81], [70, 54]]","[[65, 41, 78, 81, 11], [70, 54, 52]]"
zileuton,267,"[[3, 0, 7], [10, 6, 14], [11, 7, 15], [14, 10, 15], [15, 11, 14]]","[[3, 0, 7, 1, 2, 6, 11], [10, 6, 14, 2, 7, 15], [11, 7, 15, 3, 6, 14], [14, 10, 15, 6, 11], [15, 11, 14, 7, 10]]"
tr_14035,443,"[[13, 7], [14, 9]]","[[13, 7, 2], [14, 9, 3]]"
dexfenfluramine,127,"[[9, 8, 10]]","[[9, 8, 10, 6]]"
indomethacin_phenethylamide,382,"[[19, 15], [25, 24, 26], [26, 25, 27]]","[[19, 15, 10], [25, 24, 26, 14, 27], [26, 25, 27, 24, 28, 32]]"
jpc_2056,165,"[[4, 2, 21], [11, 3, 13, 14]]","[[4, 2, 21, 10, 5, 7], [11, 3, 13, 14, 20]]"
vivid_red,446,"[[8, 7, 9]]","[[8, 7, 9, 6, 10]]"
dexamethasone,579,"[[19, 12, 22]]","[[19, 12, 22, 5, 18, 24]]"
5-MOP,276,"[[12, 11, 13], [13, 3, 12]]","[[12, 11, 13, 2, 3], [13, 3, 12, 2, 4, 11]]"
nordiazepam,198,"[[11, 10, 12]]","[[11, 10, 12, 8, 9, 7]]"
fluticasone,377,"[[22, 14, 26]]","[[22, 14, 26, 6, 23, 28]]"
hexamethylphosphoramide,305,"[[0, 1], [2, 1], [6, 5], [7, 5], [9, 8], [10, 8]]","[[0, 1, 2, 3], [2, 1, 0, 3], [6, 5, 3, 7], [7, 5, 3, 6], [9, 8, 3, 10], [10, 8, 3, 9]]"
3-ethoxy-4-trifluoromethylcoumarin,10,"[[4, 3, 5]]","[[4, 3, 5, 2]]"
58c80,426,"[[20, 19], [21, 19], [22, 19]]","[[20, 19, 16, 21, 22], [21, 19, 16, 20, 22], [22, 19, 16, 20, 21]]"
